,question,model_response
0,What is the historical significance of the mosaic in the apse of the Church of Panagia Aggeloktisti and in what century was it created?,"The mosaic in the apse of the Church of Panagia Aggeloktisti is a significant historical artifact, as it is one of the oldest and most important mosaics in the region. It was created in the 12th century and is considered one of"
1,What architectural features distinguish the Church of Panagia Aggeloktisti and what periods of construction does it unite?,"The Church of Panagia Aggeloktisti is a Byzantine-style church located in the village of Kastoria, in the Peloponnese region of Greece. It was built in the 13th century and unites several architectural features that distinguish it from other Byzantine churches in Greece"
2,What does the name Aggeloktisti mean and where does it come from?,"Aggeloktisti is a Greek word that means ""the one who has been saved."" It is a title given to the Virgin Mary by the Greek Orthodox Church. The name is derived from the Greek word ""aggelos,"" which means ""savior."" The title ""Aggeloktisti"" is given to Mary as a sign of her role"
3,What chapels were added to the church in the Middle Ages and what was their purpose?,"The chapels were added to the church in the Middle Ages to provide additional space for the growing congregation. They were built on the sides of the nave and were used for various purposes, including the storage of sacred objects, the distribution of communion, and the performance of religious ceremonies. The chapels were also used as places of refuge for the con"
4,How does the Church of Panagia Aggeloktisti demonstrate the cultural and artistic links between different regions of the Mediterranean?,"The Church of Panagia Aggeloktisti is a unique example of the cultural and artistic links between different regions of the Mediterranean. The church was built in the 13th century in the village of Kastoria, which is located in the Peloponnese region of Greece."
5,What arguments are put forward for the inclusion of the Church of Panagia Aggeloktisti in the UNESCO World Heritage List under criterion (i)?,The Church of Panagia Aggeloktisti is included in the UNESCO World Heritage List under criterion (i) for its exceptional value as a testimony to the cultural heritage of the Greek Orthodox Church. The Church is located in the village of Kast
6,What conservation measures have been taken since 1952 to preserve the mosaics and other elements of the church?,"Since 1952, the church has undergone several conservation measures to preserve the mosaics and other elements of the church. These measures include:

1. Restoration of the mosaics: The church has undergone several restoration projects to restore the mosaics. These projects have involved removing old ad"
7,How does the church reflect the religious and spiritual life of the local community over the centuries?,"The church reflects the religious and spiritual life of the local community over the centuries through its architecture, art, and rituals. The church's architecture reflects the Gothic style, which was popular in the 12th and 13th centuries. The Gothic style emphasizes the use of pointed arches, ribbed vaults, and flying but"
8,How does the church of Panagia Aggeloktisti maintain its authenticity and integrity despite the passing centuries and the restorations carried out?,"The church of Panagia Aggeloktisti is a unique example of the Byzantine architecture in the Peloponnese. It was built in the 12th century and has been preserved in its original form. The church is a masterpiece of Byzantine architecture, with"
